{"cameraMode":{"drawMode":0,"name":"Shaded","section":"Shading Mode"},"sceneLighting":false,"audioPlay":false,"sceneViewState":{"showFog":true,"showMaterialUpdate":false,"showSkybox":true,"showFlares":true,"showImageEffects":true,"showParticleSystems":true},"in2DMode":false,"pivot":{"x":0.9369999170303345,"y":1.4800000190734864,"z":11.765000343322754},"rotation":{"x":0.04855284094810486,"y":-0.46506455540657046,"z":0.02556205727159977,"w":0.8835713863372803},"size":0.8439608216285706,"orthographic":false}