{"cameraMode":{"drawMode":0,"name":"Shaded","section":"Shading Mode"},"sceneLighting":false,"audioPlay":false,"sceneViewState":{"showFog":true,"showMaterialUpdate":false,"showSkybox":true,"showFlares":true,"showImageEffects":true,"showParticleSystems":true},"in2DMode":false,"pivot":{"x":4.76837158203125e-7,"y":2.0,"z":0.0000025480985641479494},"rotation":{"x":-0.04986514151096344,"y":-0.14242032170295716,"z":0.007158556021749973,"w":-0.9884834885597229},"size":9.349637985229493,"orthographic":false}