{"cameraMode":{"drawMode":0,"name":"Shaded","section":"Shading Mode"},"sceneLighting":false,"audioPlay":false,"sceneViewState":{"showFog":true,"showMaterialUpdate":false,"showSkybox":true,"showFlares":true,"showImageEffects":true,"showParticleSystems":true},"in2DMode":false,"pivot":{"x":0.002268575131893158,"y":0.21148568391799928,"z":-0.032054364681243899},"rotation":{"x":0.1146424263715744,"y":-0.6950829029083252,"z":0.11232282221317291,"w":0.7016270160675049},"size":1.6173089742660523,"orthographic":false}