{"cameraMode":{"drawMode":0,"name":"Shaded","section":"Shading Mode"},"sceneLighting":false,"audioPlay":false,"sceneViewState":{"showFog":true,"showMaterialUpdate":false,"showSkybox":true,"showFlares":true,"showImageEffects":true,"showParticleSystems":true},"in2DMode":false,"pivot":{"x":-0.01328885555267334,"y":0.9524444937705994,"z":-0.9810462594032288},"rotation":{"x":0.07551302015781403,"y":-0.2935151159763336,"z":0.022596755996346475,"w":0.9526907801628113},"size":5.456029891967773,"orthographic":false}