{"cameraMode":{"drawMode":0,"name":"Shaded","section":"Shading Mode"},"sceneLighting":false,"audioPlay":false,"sceneViewState":{"showFog":true,"showMaterialUpdate":false,"showSkybox":true,"showFlares":true,"showImageEffects":true,"showParticleSystems":true},"in2DMode":false,"pivot":{"x":-0.028614044189453126,"y":3.1042726039886476,"z":-1.9713859558105469},"rotation":{"x":0.05955316871404648,"y":-0.8754163980484009,"z":0.11166595667600632,"w":0.4664040207862854},"size":13.76904296875,"orthographic":false}