{"cameraMode":{"drawMode":0,"name":"Shaded","section":"Shading Mode"},"sceneLighting":false,"audioPlay":false,"sceneViewState":{"showFog":true,"showMaterialUpdate":false,"showSkybox":true,"showFlares":true,"showImageEffects":true,"showParticleSystems":true},"in2DMode":false,"pivot":{"x":1.2674821615219117,"y":1.413149118423462,"z":6.836584091186523},"rotation":{"x":0.0007871777634136379,"y":0.9988213777542114,"z":-0.017381107434630395,"w":0.04527347907423973},"size":4.1007208824157719,"orthographic":false}