{"cameraMode":{"drawMode":0,"name":"Shaded","section":"Shading Mode"},"sceneLighting":false,"audioPlay":false,"sceneViewState":{"showFog":true,"showMaterialUpdate":false,"showSkybox":true,"showFlares":true,"showImageEffects":true,"showParticleSystems":true},"in2DMode":false,"pivot":{"x":0.4777500033378601,"y":0.7719780206680298,"z":5.390519618988037},"rotation":{"x":-0.04510321468114853,"y":-0.6491405963897705,"z":0.03859850764274597,"w":-0.7583526372909546},"size":18.079364776611329,"orthographic":false}