{"cameraMode":{"drawMode":0,"name":"Shaded","section":"Shading Mode"},"sceneLighting":false,"audioPlay":false,"sceneViewState":{"showFog":true,"showMaterialUpdate":false,"showSkybox":true,"showFlares":true,"showImageEffects":true,"showParticleSystems":true},"in2DMode":false,"pivot":{"x":0.08971316367387772,"y":0.3162707984447479,"z":-0.02233506739139557},"rotation":{"x":-0.007029860746115446,"y":0.9929648041725159,"z":-0.08150465786457062,"w":-0.08567821234464646},"size":0.6216757893562317,"orthographic":false}