{"cameraMode":{"drawMode":0,"name":"Shaded","section":"Shading Mode"},"sceneLighting":false,"audioPlay":false,"sceneViewState":{"showFog":true,"showMaterialUpdate":false,"showSkybox":true,"showFlares":true,"showImageEffects":true,"showParticleSystems":true},"in2DMode":false,"pivot":{"x":0.4399454891681671,"y":-2.330923557281494,"z":4.752743721008301},"rotation":{"x":0.37299644947052,"y":0.06837493181228638,"z":-0.02785441093146801,"w":0.9247753024101257},"size":9.338627815246582,"orthographic":false}