{"cameraMode":{"drawMode":0,"name":"Shaded","section":"Shading Mode"},"sceneLighting":false,"audioPlay":false,"sceneViewState":{"showFog":true,"showMaterialUpdate":false,"showSkybox":true,"showFlares":true,"showImageEffects":true,"showParticleSystems":true},"in2DMode":false,"pivot":{"x":0.2294599413871765,"y":-0.14650282263755799,"z":0.041645973920822147},"rotation":{"x":0.23648802936077119,"y":-0.22208893299102784,"z":0.05562335252761841,"w":0.9442685842514038},"size":0.9353134036064148,"orthographic":false}