{"cameraMode":{"drawMode":0,"name":"Shaded","section":"Shading Mode"},"sceneLighting":false,"audioPlay":false,"sceneViewState":{"showFog":true,"showMaterialUpdate":false,"showSkybox":true,"showFlares":true,"showImageEffects":true,"showParticleSystems":true},"in2DMode":false,"pivot":{"x":4.7420806884765629,"y":2.3669703006744386,"z":0.7596556544303894},"rotation":{"x":0.14486435055732728,"y":-0.8209365606307983,"z":0.23858016729354859,"w":0.4979707896709442},"size":0.8814091086387634,"orthographic":false}