{"cameraMode":{"drawMode":0,"name":"Shaded","section":"Shading Mode"},"sceneLighting":false,"audioPlay":false,"sceneViewState":{"showFog":true,"showMaterialUpdate":false,"showSkybox":true,"showFlares":true,"showImageEffects":true,"showParticleSystems":true},"in2DMode":false,"pivot":{"x":-0.0000034570693969726564,"y":0.09401369839906693,"z":-1.1920928955078126e-7},"rotation":{"x":-0.14290574193000794,"y":-0.44184064865112307,"z":0.07153856009244919,"w":-0.882748544216156},"size":9.339426040649414,"orthographic":false}