{"cameraMode":{"drawMode":0,"name":"Shaded","section":"Shading Mode"},"sceneLighting":false,"audioPlay":false,"sceneViewState":{"showFog":true,"showMaterialUpdate":false,"showSkybox":true,"showFlares":true,"showImageEffects":true,"showParticleSystems":true},"in2DMode":false,"pivot":{"x":8.344650268554688e-7,"y":1.9999995231628419,"z":-0.7917578220367432},"rotation":{"x":0.07128693908452988,"y":-0.8549862504005432,"z":0.12213478982448578,"w":0.4989098906517029},"size":12.622307777404786,"orthographic":false}