{"cameraMode":{"drawMode":0,"name":"Shaded","section":"Shading Mode"},"sceneLighting":false,"audioPlay":false,"sceneViewState":{"showFog":true,"showMaterialUpdate":false,"showSkybox":true,"showFlares":true,"showImageEffects":true,"showParticleSystems":true},"in2DMode":false,"pivot":{"x":8.302702903747559,"y":-0.8830966949462891,"z":-4.192105770111084},"rotation":{"x":0.0008547556353732944,"y":-0.6938183903694153,"z":0.000024521594241377898,"w":-0.7201482057571411},"size":22.0,"orthographic":false}